Metabolite,HMDB ID,ref,primary,recurrent
5-Hydroxylysine,HMDB0000450,0.178571429,0.2702,0.443
alpha-Aminobutyric acid,HMDB0000452,0.020869565,16.07,58.85
Adenosine,HMDB0000050,0.003820034,0.1053,0.05599
Asymmetric dimethylarginine,HMDB0001539,0.034883721,0.199,0.4826
Agmatine,HMDB0001432,0.005524862,0.02419,0.01826
Alanine,HMDB0000161,0.176004693,484.4,254.7
Arginine,HMDB0000517,0.137111517,69.01,103.6
Asparagine,HMDB0000168,0.101971448,40.02,62.12
Aspartic acid,HMDB0000191,0.303030303,3.749,3.123
beta-Alanine,HMDB0000056,0.042253521,2.088,1.918
Betaine,HMDB0000043,0.480769231,27.64,20.26
Choline,HMDB0000097,0.177777778,9.723,5.462
Citrulline,HMDB0000904,0.075566751,16.68,15.5
Creatine,HMDB0000064,0.213068182,15.55,66.84
Creatinine,HMDB0000562,0.326797386,46.26,44.32
Ethanolamine,HMDB0000149,0.043165468,4.066,3.994
Glutamine,HMDB0000641,0.129115558,588.2,693.5
Glutamic acid,HMDB0000148,0.128534704,111.3,55.36
Glycine,HMDB0000123,0.390015601,252.2,267.2
Guanine,HMDB0000132,0.007211538,0.1935,0.1546
Guanosine,HMDB0000133,0.002788104,0.05791,0.0356
Histidine,HMDB0000177,0.055493896,76.94,76.09
Homoarginine,HMDB0000670,0.006528836,0.6665,0.4393
Hypoxanthine,HMDB0000157,0.162601626,2.46,4.336
Isoleucine,HMDB0000172,0.360576923,63.05,107.7
Indole,HMDB0000738,0.6466,4.891,4.925
Kynurenine,HMDB0000684,0.023677979,1.761,0.5845
Leucine,HMDB0000687,0.255102041,125.8,213.8
Lysine,HMDB0000182,0.404312668,170.2,219.3
Methionine,HMDB0000696,0.110619469,16.29,36.54
Methionine sulfoxide,HMDB0002005,0.131578947,0.3528,1.004
Methylhistidine,HMDB0000479,0.09375,4.645,9.538
N1-Acetylspermidine,HMDB0001276,0.020689655,0.04316,0.09275
N-Acetylputrescine,HMDB0002064,0.014423077,0.04717,0.0215
Nudifloramide,HMDB0004193,0.357142857,0.9066,0.9835
Ornithine,HMDB0000214,0.058846607,83.07,68.68
Phenylalanine,HMDB0000159,0.044483986,45.62,75.07
Proline,HMDB0000162,0.694444444,195.4,148.2
Sarcosine,HMDB0000271,0.029769473,4.676,5.36
Serine,HMDB0000187,0.154479918,82.8,151.1
Taurine,HMDB0000251,0.255972696,32.48,34.26
Threonine,HMDB0000167,0.669642857,193.4,202.8
Thymidine,HMDB0000273,0.032608696,0.1306,0.05086
Trimethylamine N-Oxide,HMDB0000925,0.097345,3.418,0.9868
trans-4-Hydroxyproline,HMDB0000725,0.090634441,6.507,5.135
Tryptophan,HMDB0000929,0.033952014,28.45,36.84
Tyrosine,HMDB0000158,0.180722892,58.08,64.34
Uridine,HMDB0000296,0.307692308,3.049,4.617
Valine,HMDB0000883,0.294695481,248.5,299.8
Urea,HMDB0000294,102.3497082,5338,5759
Glucose,HMDB0000122,22.5,6087.276616,5187.384339
LysoPC a C14:0,HMDB0010379,0.129568563,2.168184316,1.084370986
LysoPC a C16:1,HMDB0010383,0.074715726,1.664942862,1.622062201
LysoPC a C16:0,HMDB0010382,0.108457106,47.69288279,64.30002488
LysoPC a C17:0,HMDB0012108,0.016448631,0.658744704,1.057984199
LysoPC a C18:2,HMDB0010386,0.039938529,22.0366228,19.21348537
LysoPC a C18:1,"HMDB0002815, HMDB0010385",0.051835904,11.4060351,14.20758308
LysoPC a C18:0,"HMDB0010384, HMDB0011128",0.053247755,12.76903309,10.41623586
LysoPC a C20:4,"HMDB0010395, HMDB0010396",0.028216263,3.111661308,8.070713229
LysoPC a C20:3,"HMDB0010393, HMDB0010394",0.089458462,2.79071514,2.065346664
LysoPC a C24:0,HMDB0010405,0.037408504,0.067099827,0.067632259
LysoPC a C26:1,HMDB0029220,0.032704833,0.102109186,0.091487241
LysoPC a C26:0,HMDB0029205,0.129241564,0.320323403,0.250047937
LysoPC a C28:1,HMDB0029221,0.051911888,0.172417049,0.131336966
LysoPC a C28:0,HMDB0029206,0.071471194,0.191960965,0.148733578
SM(OH) C14:1,HMDB0013462,0.019036975,7.072151016,9.297290727
SM C16:1,HMDB0240613,0.027493412,22.20732815,27.24221704
SM C16:0,HMDB0010169,0.10224336,121.9891791,159.9028521
SM(OH) C16:1,HMDB0013463,0.031493413,4.093333256,6.864191965
SM C18:1,"HMDB0012100, HMDB0012101",0.032976348,13.49050653,28.36592343
PC aa C32:2,"HMDB0007874, HMDB0008002",0.074222957,5.598141877,5.802386462
SM C18:0,HMDB0001348,0.127410881,30.47105791,50.29308646
SM C20:2,HMDB0013465,0.007091955,0.737670975,0.685228805
PC ae C36:0,"HMDB0013406, HMDB0013417",0.047689232,1.275136793,1.5191995
PC aa C36:6,"HMDB0008690, HMDB0007892",0.033219142,0.62863859,0.630251686
PC aa C36:0,"HMDB0007886, HMDB0007977",0.158568507,7.38833099,5.149427441
SM(OH) C22:2,HMDB0013467,0.020824121,10.79829751,12.14808831
SM(OH) C22:1,HMDB0013466,0.0226994,17.22732987,11.85969435
PC aa C38:6,"HMDB0007991, HMDB0008083",0.054512397,32.05321546,105.1262245
PC aa C38:0,"HMDB0007893, HMDB0007985",0.036871645,1.277129842,3.113242978
PC ae C40:6,HMDB0013422,0.0358497,1.696069172,5.690105132
SM(OH) C24:1,HMDB0013469,0.021105628,1.887102058,1.642290746
PC aa C40:6,"HMDB0008057, HMDB0008089",0.047022639,10.17686913,19.12432352
PC aa C40:2,"HMDB0008688, HMDB0008276",0.017395148,0.299025603,0.297866285
PC aa C40:1,"HMDB0007993, HMDB0008052",0.019399924,0.213650329,0.346738851
C0,HMDB0000062,0.221574475,37.56374484,38.65841711
C2,HMDB0000201,0.134737917,7.477557444,9.526101238
C3:1,HMDB0013124,0.0256276,0.031367633,0.039663531
C3,HMDB0000824,0.082382155,0.189818105,0.140014844
C4:1,HMDB0013126,0.024024737,0.061400639,0.062093503
C4,HMDB0002013,0.048601782,0.239652261,0.196524436
C5:1,HMDB0002366,0.03047242,0.040463568,0.031145982
C5,HMDB0013128,0.025571368,0.10965272,0.071193759
C4OH,HMDB0013127,0.023670644,0.104482694,0.075253209
C6:1,HMDB0013161,0.02468365,0.090640477,0.075852236
C5OH,HMDB0013132,0.034118393,0.064540811,0.050662594
C5:1DC,HMDB0013129,0.025018166,0.054821067,0.042560423
C5DC,HMDB0013130,0.019065371,0.025349379,0.025232345
C8,HMDB0000791,0.031645716,0.080669498,0.066892304
C5MDC,HMDB0000552,0.021772418,0.039181312,0.03112956
C9,HMDB0006320,0.011006936,0.092001336,0.067929968
C7DC,HMDB0013328,0.019987028,0.160215683,0.053372452
C10:2,"HMDB0241102, HMDB0241094",0.04902617,0.071706803,0.066243019
C10,HMDB0000651,0.05845231,0.110836472,0.091572989
C12,HMDB0002250,0.044286935,0.060250174,0.062273467
C14,HMDB0005066,0.032047671,0.210399305,0.234508862
C16:1,HMDB0013207,0.020050951,0.047272952,0.052439577
C16,HMDB0000222,0.02650475,0.118821169,0.12175764
C18:2,HMDB0006469,0.058089449,0.076332387,0.079705565
C18:1,HMDB0006464,0.041081458,0.077377627,0.181233751
PC aa C24:0,NA,0.076746964,0.156464462,0.115579119
PC aa C26:0,NA,0.090483268,0.756502859,0.54803113
PC aa C28:1,"HMDB0007867, HMDB0007899",0.027761394,4.137963037,3.414219329
PC ae C30:2,HMDB0013410,0.028742131,0.149712782,0.156689957
PC ae C30:1,"HMDB0013402, HMDB0013403",0.036436203,2.281425981,2.805679882
PC ae C30:0,HMDB0013341,0.095889034,0.545638238,0.635682482
PC aa C30:0,"HMDB0007869, HMDB0007934, HMDB0007965",0.107922398,4.778503365,3.767930823
PC ae C32:2,HMDB0013411,0.038723122,0.841090059,0.958754108
PC ae C32:1,HMDB0013404,0.036477219,2.983529828,4.893067718
PC aa C32:3,"HMDB0007875, HMDB0007876, HMDB0007907, HMDB0008131, HMDB0008163, HMDB0008196",0.020284055,0.816076002,0.607371058
PC aa C32:1,"HMDB0007872, HMDB0007873, HMDB0007904, HMDB0007969, HMDB0008001, HMDB0008032, HMDB0008064, HMDB0008097",0.058632988,29.01445562,26.48031439
PC aa C32:0,"HMDB0000564, HMDB0007871, HMDB0008031",0.067379825,12.63978395,15.00003056
PC ae C34:3,HMDB0013413,0.025987929,5.050122286,4.562236977
PC ae C34:2,HMDB0011151,0.033407901,10.07442626,10.37140226
PC ae C34:1,"HMDB0013412, HMDB0013424, HMDB0013426",0.037289751,8.723826708,10.58666956
PC ae C34:0,HMDB0013405,0.073138808,1.589651292,2.159138294
PC aa C34:4,"HMDB0007883, HMDB0007884, HMDB0007914, HMDB0007915, HMDB0007976, HMDB0008007, HMDB0008008, HMDB0008167, HMDB0008200, HMDB0008232, HMDB0008362, HMDB0008395, HMDB0008426, HMDB0008459",0.04203915,2.065000898,1.204265424
PC aa C34:3,"HMDB0007881, HMDB0007882, HMDB0007913, HMDB0007974, HMDB0007975, HMDB0008006, HMDB0008134, HMDB0008166, HMDB0008199, HMDB0008329, HMDB0008361, HMDB0008394",0.053725943,26.00949163,11.717602
PC aa C34:2,"HMDB0007880, HMDB0007912, HMDB0007973, HMDB0008004, HMDB0008005, HMDB0008068, HMDB0008101, HMDB0008133, HMDB0008296, HMDB0008328",0.289445009,619.2682067,491.4020953
PC aa C34:1,"HMDB0007879, HMDB0007911, HMDB0007971, HMDB0007972, HMDB0008003, HMDB0008035, HMDB0008067, HMDB0008100, HMDB0008263, HMDB0008295",0.436932283,312.4716914,301.3896111
PC ae C36:5,"HMDB0013415, HMDB0039528",0.031566944,7.67782086,14.29909915
PC ae C36:4,"HMDB0013407, HMDB0013435",0.025576448,13.49360305,22.62224193
PC ae C36:3,"HMDB0013425, HMDB0013429, HMDB0039527",0.013878051,7.451100756,7.571527256
PC ae C36:2,"HMDB0013418, HMDB0013428",0.022010342,15.60465972,14.07031476
PC ae C36:1,"HMDB0013414, HMDB0013427",0.046810404,8.614636239,8.972434291
PC aa C36:5,"HMDB0007890, HMDB0007891, HMDB0007922, HMDB0007984, HMDB0008015, HMDB0008016, HMDB0008075, HMDB0008108, HMDB0008140, HMDB0008141, HMDB0008171, HMDB0008204, HMDB0008235, HMDB0008236, HMDB0008430, HMDB0008463, HMDB0008495, HMDB0008624, HMDB0008656, HMDB0008689",0.06003711,18.30387037,18.25941651
PC aa C36:4,"HMDB0007889, HMDB0007982, HMDB0007983, HMDB0008013, HMDB0008014, HMDB0008042, HMDB0008073, HMDB0008074, HMDB0008106, HMDB0008107, HMDB0008138, HMDB0008169, HMDB0008170, HMDB0008202, HMDB0008203, HMDB0008234, HMDB0008365, HMDB0008398, HMDB0008429, HMDB0008462, HMDB0008623",0.146384729,201.4982528,347.2929612
PC aa C36:3,"HMDB0007921, HMDB0007980, HMDB0007981, HMDB0008012, HMDB0008040, HMDB0008041, HMDB0008072, HMDB0008105, HMDB0008136, HMDB0008137, HMDB0008168, HMDB0008201, HMDB0008332, HMDB0008364, HMDB0008397, HMDB0008591",0.12828408,204.5660472,110.4771617
PC aa C36:2,"HMDB0000593, HMDB0007888, HMDB0007920, HMDB0007979, HMDB0008011, HMDB0008039, HMDB0008070, HMDB0008071, HMDB0008103, HMDB0008135, HMDB0008299, HMDB0008331, HMDB0008559, HMDB0008590",0.120641569,379.9870306,152.3798284
PC aa C36:1,"HMDB0007887, HMDB0007919, HMDB0007978, HMDB0008010, HMDB0008037, HMDB0008038, HMDB0008069, HMDB0008102, HMDB0008266, HMDB0008298, HMDB0008526, HMDB0008558",0.122791707,94.3311,45.5382048
PC ae C38:6,HMDB0013409,0.039268071,3.896100628,8.00593811
PC ae C38:5,HMDB0013432,0.015499668,11.06401814,24.42114543
PC ae C38:4,HMDB0013420,0.033341413,10.34129381,21.93231704
PC ae C38:3,"HMDB0013439, HMDB0013440",0.031396641,4.585099544,5.020665873
PC ae C38:2,"HMDB0013431, HMDB0013436",0.040288587,5.187512225,5.491129852
PC ae C38:1,"HMDB0013416, HMDB0013430",0.036061232,6.353828576,4.303177966
PC ae C38:0,"HMDB0013408, HMDB0013419",0.02478546,1.422862131,1.581251156
PC aa C38:5,"HMDB0007989, HMDB0007990, HMDB0008021, HMDB0008050, HMDB0008081, HMDB0008082, HMDB0008114, HMDB0008115, HMDB0008139, HMDB0008146, HMDB0008177, HMDB0008210, HMDB0008242, HMDB0008306, HMDB0008337, HMDB0008338, HMDB0008369, HMDB0008402, HMDB0008432, HMDB0008433, HMDB0008465, HMDB0008466, HMDB0008497, HMDB0008627, HMDB0008659, HMDB0008692",0.073217935,45.01381811,52.6773247
PC aa C38:4,"HMDB0007988, HMDB0008048, HMDB0008049, HMDB0008079, HMDB0008080, HMDB0008112, HMDB0008113, HMDB0008145, HMDB0008176, HMDB0008209, HMDB0008241, HMDB0008273, HMDB0008304, HMDB0008305, HMDB0008336, HMDB0008367, HMDB0008368, HMDB0008400, HMDB0008401, HMDB0008431, HMDB0008464, HMDB0008626",0.070003888,112.9289094,116.0041749
PC aa C38:3,"HMDB0008020, HMDB0008046, HMDB0008047, HMDB0008078, HMDB0008111, HMDB0008144, HMDB0008175, HMDB0008208, HMDB0008271, HMDB0008272, HMDB0008303, HMDB0008334, HMDB0008335, HMDB0008366, HMDB0008399, HMDB0008594",0.023307923,74.63671931,33.85786138
SM C24:1,HMDB0012107,0.024761148,69.83983696,64.79462714
SM C24:0,HMDB0011697,0.048442949,25.04882554,18.23375195
PC aa C38:1,"HMDB0007894, HMDB0007926, HMDB0007986, HMDB0008018, HMDB0008044, HMDB0008076, HMDB0008109, HMDB0008268, HMDB0008269, HMDB0008300, HMDB0008529, HMDB0008561, HMDB0008756, HMDB0008788",0.044858595,9.046328815,6.406448036
PC ae C40:5,HMDB0013444,0.012250474,1.887100365,5.519827173
PC ae C40:4,HMDB0013442,0.026645758,1.874786439,3.001544723
PC ae C40:3,"HMDB0013445, HMDB0013446",0.022604663,1.007879092,1.24770483
PC ae C40:2,HMDB0013437,0.034316118,1.109939447,1.493593584
PC ae C40:1,HMDB0013433,0.017347694,1.09326341,1.405946088
PC aa C40:5,"HMDB0008055, HMDB0008056, HMDB0008087, HMDB0008120, HMDB0008185, HMDB0008218, HMDB0008250, HMDB0008281, HMDB0008312, HMDB0008313, HMDB0008343, HMDB0008344, HMDB0008375, HMDB0008407, HMDB0008439, HMDB0008472, HMDB0008504, HMDB0008568, HMDB0008599, HMDB0008600, HMDB0008629, HMDB0008630, HMDB0008661, HMDB0008694",0.02595683,8.300888798,6.751238991
PC aa C40:4,"HMDB0008054, HMDB0008152, HMDB0008184, HMDB0008217, HMDB0008249, HMDB0008279, HMDB0008280, HMDB0008310, HMDB0008311, HMDB0008342, HMDB0008374, HMDB0008438, HMDB0008471, HMDB0008536, HMDB0008566, HMDB0008567, HMDB0008598, HMDB0008628, HMDB0011201",0.020534333,3.69038823,2.081558703
PC aa C40:3,"HMDB0008086, HMDB0008119, HMDB0008151, HMDB0008183, HMDB0008216, HMDB0008277, HMDB0008278, HMDB0008309, HMDB0008341, HMDB0008373, HMDB0008406, HMDB0008534, HMDB0008535, HMDB0008565, HMDB0008596, HMDB0008597",0.032606763,0.654844629,0.446413095
SM C26:1,HMDB0013461,0.029265726,0.369563907,0.47592212
SM C26:0,HMDB0011698,0.020138284,0.276445716,0.263297315
PC ae C42:5,HMDB0013451,0.027494009,0.719569996,2.483777392
PC ae C42:4,"HMDB0013448, HMDB0013454",0.013327444,0.587728673,0.915317936
PC ae C42:3,"HMDB0013458, HMDB0013459",0.043598091,0.443183527,0.611245951
PC ae C42:2,HMDB0013438,0.039410046,0.37766117,0.341306437
PC ae C42:1,"HMDB0013434, HMDB0013447",0.028761454,0.228341725,0.231155875
PC ae C42:0,"HMDB0013423, HMDB0013443",0.039791173,0.112779409,0.173366129
PC aa C42:6,"HMDB0008288, HMDB0008319, HMDB0008320, HMDB0008351, HMDB0008448, HMDB0008481, HMDB0008513, HMDB0008576, HMDB0008607, HMDB0008608, HMDB0008637, HMDB0008669, HMDB0008702, HMDB0008734",0.036007272,0.145739421,0.164446088
PC aa C42:5,"HMDB0008257, HMDB0008286, HMDB0008287, HMDB0008318, HMDB0008383, HMDB0008415, HMDB0008447, HMDB0008480, HMDB0008512, HMDB0008544, HMDB0008574, HMDB0008575, HMDB0008605, HMDB0008606, HMDB0008636, HMDB0008668, HMDB0008701, HMDB0008799",0.018062629,0.131048536,0.145054455
PC aa C42:4,"HMDB0008191, HMDB0008224, HMDB0008256, HMDB0008285, HMDB0008350, HMDB0008382, HMDB0008414, HMDB0008446, HMDB0008479, HMDB0008542, HMDB0008543, HMDB0008572, HMDB0008573, HMDB0008604, HMDB0008635, HMDB0008766, HMDB0008797, HMDB0008798",0.018635192,0.115958709,0.119844139
PC aa C42:2,"HMDB0008092, HMDB0008125, HMDB0008157, HMDB0008284, HMDB0008316, HMDB0008348, HMDB0008539, HMDB0008570, HMDB0008602, HMDB0008763, HMDB0008794, HMDB0008795",0.022925502,0.082599501,0.090756691
PC aa C42:1,"HMDB0008059, HMDB0008091, HMDB0008124, HMDB0008283, HMDB0008315, HMDB0008538, HMDB0008569, HMDB0008761, HMDB0008762, HMDB0008793",0.051658472,0.105631972,0.249384716
PC aa C42:0,"HMDB0008058, HMDB0008282, HMDB0008537, HMDB0008760",0.033730771,0.193397707,0.447961037
PC ae C44:6,"HMDB0013450, HMDB0013457",0.041384236,0.526579254,0.974657739
PC ae C44:5,HMDB0013456,0.021921277,0.671523469,1.562635423
PC ae C44:4,"HMDB0013453, HMDB0013455, HMDB0013460",0.021514994,0.233501081,0.398704067
PC ae C44:3,"HMDB0013449, HMDB0013452",0.03735123,0.108016447,0.124887173
Cer(d16:1/20:0),NA,0.024524744,0.078982492,0.064238939
Cer(d16:1/22:0),NA,0.01245368,0.112277246,0.139671995
Cer(d16:1/24:0),NA,0.018465482,0.112591862,0.06813516
Cer(d18:1/16:0),HMDB00790,0.031971261,0.550193614,0.911848897
Cer(d18:1/18:0),HMDB00829,0.010383361,0.327876617,0.419154781
Cer(d18:1/22:0),HMDB04952,0.01971152,0.599968009,0.530179868
Cer(d18:1/23:0),HMDB00950,0.026195372,0.350140173,0.395771514
Cer(d18:1/24:0),HMDB04956,0.015069149,1.22637306,1.053932757
Cer(d18:1/24:1),HMDB04953,0.032850101,0.4475831,1.123900339
Cer(d18:1/25:0),HMDB04957,0.119613134,0.171632288,0.209763593
Cer(d18:2/22:0),NA,0.010141111,0.102647042,0.207878693
Cer(d18:2/24:0),NA,0.010438487,0.170957875,0.219130748
Cer(d18:2/24:1),HMDB0240680,0.014016637,0.065748504,0.194206809
Cer(d18:0/24:0),HMDB11768,0.010581277,0.075293314,0.021294107
Cer(d18:0/24:1),HMDB11769,0.010843497,0.033567086,0.040856261
CE(14:0),HMDB06725,0.234925387,6.06160304,2.494662745
CE(15:1),HMDB60056,0.075850926,0.637464791,1.038412762
CE(16:0),HMDB05188,0.434510441,82.0248264,117.2451807
CE(16:1),HMDB05197,0.596334426,40.38224618,24.81370246
CE(17:0),HMDB60059,0.126409173,0.791159505,0.653491259
CE(17:1),HMDB60060,0.256212264,1.799571499,2.042241698
CE(18:0),HMDB10368,0.231671357,8.889300712,9.244569566
CE(18:1),HMDB05191,0.368040593,243.8205531,288.8519288
CE(18:2),HMDB05192,0.510293208,968.3576011,957.2437191
CE(18:3),HMDB10369,0.21760017,58.05834097,21.11495382
CE(20:0),HMDB06740,0.258161784,0.464465103,1.198195608
CE(20:1),HMDB05194,0.143466512,0.410211967,0.457412508
CE(20:3),HMDB06736,0.111013311,26.64302833,23.80462366
CE(20:4),HMDB06726,0.110610352,148.2163832,435.4002842
CE(20:5),HMDB06731,0.512766493,15.85547089,21.15922142
CE(22:0),HMDB06727,0.229353195,0.315542963,0.589123213
CE(22:5),HMDB10374,0.113718202,1.268545961,3.278476905
CE(22:6),HMDB06733,0.063977987,5.343524789,32.77019923
DG(14:0_18:1),HMDB07014,0.088409221,0.199387725,0.100607594
DG(14:0_18:2),HMDB07016,0.065982033,0.357677449,0.214694128
DG(14:0_20:0),HMDB07020,0.128127441,1.963678648,2.024944841
DG(16:0_16:0),HMDB07098,0.179951284,8.367121336,6.434947539
DG(16:0_16:1),HMDB07099,0.027096119,1.67631431,1.325932663
DG(16:0_18:1),HMDB07101,0.026969773,4.353597269,3.071339965
DG(16:0_18:2),HMDB07103,0.051116108,2.50008579,1.597061067
DG(16:0_20:0),HMDB07107,0.033783975,0.986622689,0.893856763
DG(16:1_18:1),HMDB07130,0.1582646,4.05660828,4.359173167
DG(16:1_18:2),HMDB07132,0.096475205,0.632201874,0.338903551
DG(16:1_20:0),HMDB07136,0.074778462,0.981841806,0.927765561
DG(17:0_17:1),NA,0.01503075,0.268215982,0.173684886
DG(17:0_18:1),HMDB0295723,0.010862691,0.51728678,0.58175166
DG(18:0_20:0),HMDB07165,0.172130223,0.268211018,0.347366845
DG(18:1_18:1),HMDB07188,0.035594192,9.416042788,6.67211445
DG(18:1_18:2),HMDB07190,0.016085808,4.799025314,3.096699109
DG(18:1_18:3),HMDB07191,0.021209666,0.617834402,0.372787466
DG(18:1_20:3),HMDB07197,0.01228371,0.316092663,0.135557615
DG(18:1_20:4),HMDB07199,0.010923114,0.19157457,0.317718969
DG(18:1_22:6),HMDB07208,0.067383846,1.066529407,1.115543949
DG(18:2_18:2),HMDB07248,0.03506257,3.400475513,2.706982127
Hex2Cer(d18:1/14:0),NA,0.006727587,0.125312785,0.261094031
Hex2Cer(d18:1/16:0),HMDB0006750,0.014307631,2.255718173,5.323866378
Hex2Cer(d18:1/18:0),HMDB0011591,0.010368852,0.125322527,0.229478883
Hex2Cer(d18:1/20:0),HMDB0011593,0.014632859,0.054825787,0.188681619
Hex2Cer(d18:1/22:0),HMDB0011594,0.011890817,0.142026545,0.195819818
Hex2Cer(d18:1/24:0),HMDB0011595,0.075819827,0.158735975,0.22845622
Hex2Cer(d18:1/24:1),HMDB04872,0.012415141,0.53467433,0.697609601
Hex3Cer(d18:1/16:0),HMDB0004879,0.015417889,0.150377651,0.081588889
Hex3Cer(d18:1/18:0),HMDB0004880,0.01364177,0.016707986,0.081590299
Hex3Cer(d18:1/24:1),HMDB0004883,0.017051629,0.099209082,0.086695507
Hex3Cer(d18:1_22:0),HMDB0004882,0.013068185,0.016707986,0.040797969
HexCer(d16:1/22:0),NA,0.01057825,0.200507384,0.293736071
HexCer(d18:1/16:0),HMDB0004971,0.027938637,1.503793833,1.476826415
HexCer(d18:1/18:0),HMDB0004972,0.018041375,0.175446848,0.469153381
HexCer(d18:1/18:1), HMDB0004970,0.019324201,0.08876659,0.112185428
HexCer(d18:1/20:0),HMDB0004973,0.010930238,0.245409376,0.275370959
HexCer(d18:1/22:0),HMDB0004974,0.019114866,1.495434067,1.174927368
HexCer(d18:1/23:0),NA,0.010842778,0.618240242,0.68946072
HexCer(d18:1/24:0),HMDB0004978,0.032740795,2.489647304,2.443660603
HexCer(d18:1/24:1),     HMDB0004975,0.104481519,1.278231686,2.341674844
HexCer(d18:1/26:0),HMDB0004977,0.03707482,0.519536506,0.402857563
HexCer(d18:1/26:1),HMDB0004976,0.010503958,0.073100147,0.096895704
HexCer(d18:2/16:0),NA,0.010268309,0.033417416,0.089754685
HexCer(d18:2/18:0),NA,0.012362101,0.033417416,0.057119693
HexCer(d18:2/20:0),NA,0.011128164,0.033417416,0.073430141
HexCer(d18:2/22:0),NA,0.010902962,0.242278793,0.22845622
HexCer(d18:2/23:0),NA,0.010698471,0.075194599,0.048952488
HexCer(d18:2/24:0),NA,0.019860327,0.492905807,0.367156345
TG(14:0_32:2),"HMDB0042076, HMDB0042280, HMDB0042281, HMDB0042309, HMDB0042338, HMDB0042368, HMDB0042511",0.119563523,4.76345983,1.851042796
TG(14:0_34:0),"HMDB0042065, HMDB0042124, HMDB0042153, HMDB0042181, HMDB0099287, HMDB0099288, HMDB0099395, HMDB0099396, HMDB0099397, HMDB0099398, HMDB0099399, HMDB0099400, HMDB0099401, HMDB0099402, HMDB0099549, HMDB0099550, HMDB0099551, HMDB0099552, HMDB0099553, HMDB0099554, HMDB0099555, HMDB0099556, HMDB0099557, HMDB0099558, HMDB0099559, HMDB0099560, HMDB0099561, HMDB0099562, HMDB0099563, HMDB0099564, HMDB0099565, HMDB0099566, HMDB0099655, HMDB0099656, HMDB0099657, HMDB0099658, HMDB0099659, HMDB0099660, HMDB0099661, HMDB0099794, HMDB0099795, HMDB0099796, HMDB0099797, HMDB0099798, HMDB0099799, HMDB0099800, HMDB0099801, HMDB0099802, HMDB0099803, HMDB0099804, HMDB0099805, HMDB0099920, HMDB0099921, HMDB0099922, HMDB0099923, HMDB0099924, HMDB0099925, HMDB0099926, HMDB0100049, HMDB0100050, HMDB0100051, HMDB0100052, HMDB0100053, HMDB0100054, HMDB0100055, HMDB0100056, HMDB0100057, HMDB0100058, HMDB0100059, HMDB0100060, HMDB0100061, HMDB0100062, HMDB0100063, HMDB0100064, HMDB0100065, HMDB0100066, HMDB0100188, HMDB0100189, HMDB0100190, HMDB0100191, HMDB0100192, HMDB0100193, HMDB0100194, HMDB0100288, HMDB0100289, HMDB0100290, HMDB0100291, HMDB0100292, HMDB0100293, HMDB0100294, HMDB0100295, HMDB0100296, HMDB0100297, HMDB0100298, HMDB0100299, HMDB0100400, HMDB0100401, HMDB0100402, HMDB0100403, HMDB0100507, HMDB0100508, HMDB0100509, HMDB0100510, HMDB0100511, HMDB0100512, HMDB0100513, HMDB0100514, HMDB0100515, HMDB0100516, HMDB0100517, HMDB0100518, HMDB0100519, HMDB0100520, HMDB0100521, HMDB0100522, HMDB0100523, HMDB0100524, HMDB0100665, HMDB0100666, HMDB0100667, HMDB0100668, HMDB0100669, HMDB0100670, HMDB0100671, HMDB0100672, HMDB0100770, HMDB0100771",0.058315624,4.307843798,1.634506884
TG(14:0_34:1),"HMDB0042072, HMDB0042130, HMDB0042131, HMDB0042159, HMDB0042188, HMDB0042275, HMDB0042304, HMDB0042333, HMDB0042363, HMDB0042391",0.114935814,31.30357428,3.692004329
TG(14:0_34:2),"HMDB0042078, HMDB0042136, HMDB0042282, HMDB0042310, HMDB0042311, HMDB0042339, HMDB0042369, HMDB0042398, HMDB0042513, HMDB0042571",0.249556492,22.77156415,3.161686876
TG(14:0_34:3),"HMDB0042073, HMDB0042079, HMDB0042137, HMDB0042144, HMDB0042288, HMDB0042316, HMDB0042421, HMDB0042519, HMDB0042543, HMDB0042578, HMDB0042601, HMDB0042753",0.08620709,6.474955155,1.198136698
TG(14:0_35:1),"HMDB0042102, HMDB0042392",0.11059169,3.33640025,0.93277177
TG(14:0_35:2),"HMDB0042108, HMDB0042572",0.140378313,2.275683929,0.805769363
TG(14:0_36:1),"HMDB0042074, HMDB0042132, HMDB0042160, HMDB0042161, HMDB0042189, HMDB0042218, HMDB0042276, HMDB0042305, HMDB0042334, HMDB0042364, HMDB0042393, HMDB0042451",0.026882478,6.568634788,0.888765613
TG(14:0_36:2),"HMDB0042081, HMDB0042138, HMDB0042166, HMDB0042284, HMDB0042312, HMDB0042340, HMDB0042341, HMDB0042370, HMDB0042371, HMDB0042399, HMDB0042458, HMDB0042514, HMDB0042573",0.118411503,33.03893261,7.938779122
TG(14:0_36:3),"HMDB0042133, HMDB0042139, HMDB0042167, HMDB0042174, HMDB0042291, HMDB0042318, HMDB0042346, HMDB0042376, HMDB0042423, HMDB0042520, HMDB0042521, HMDB0042544, HMDB0042579, HMDB0042603, HMDB0042668, HMDB0042754",0.035490743,33.41685265,8.307504877
TG(14:0_36:4),"HMDB0042082, HMDB0042140, HMDB0042146, HMDB0042175, HMDB0042313, HMDB0042319, HMDB0042347, HMDB0042354, HMDB0042377, HMDB0042384, HMDB0042429, HMDB0042526, HMDB0042550, HMDB0042551, HMDB0042609, HMDB0042633, HMDB0042691, HMDB0042760, HMDB0042761, HMDB0042784, HMDB0042813",0.032477996,13.32921155,3.075661697
TG(14:0_38:4),"HMDB0042142, HMDB0042170, HMDB0042176, HMDB0042205, HMDB0042343, HMDB0042349, HMDB0042373, HMDB0042379, HMDB0042407, HMDB0042414, HMDB0042430, HMDB0042431, HMDB0042528, HMDB0042552, HMDB0042586, HMDB0042610, HMDB0042611, HMDB0042634, HMDB0042693, HMDB0042762, HMDB0042785, HMDB0042814",0.032386386,1.138160283,0.260104336
TG(14:0_38:5),"HMDB0042143, HMDB0042148, HMDB0042177, HMDB0042322, HMDB0042350, HMDB0042356, HMDB0042380, HMDB0042386, HMDB0042415, HMDB0042436, HMDB0042523, HMDB0042529, HMDB0042558, HMDB0042587, HMDB0042594, HMDB0042616, HMDB0042640, HMDB0042641, HMDB0042699, HMDB0042723, HMDB0042768, HMDB0042792, HMDB0042820, HMDB0042821, HMDB0042844, HMDB0042873",0.027660638,0.352299485,0.02901476
TG(16:0_28:1),HMDB0043834,0.098257927,4.14014951,1.461984941
TG(16:0_28:2),HMDB0044030,0.144949609,2.958627203,0.322319529
TG(16:0_30:2),"HMDB0044031, HMDB0044058",0.076427491,4.238786902,1.221733964
TG(16:0_32:0),"HMDB0005356, HMDB0010413, HMDB0103528, HMDB0103529, HMDB0103584, HMDB0103585, HMDB0103586, HMDB0103587, HMDB0103676, HMDB0103677, HMDB0103678, HMDB0103679, HMDB0103680, HMDB0103681, HMDB0103682, HMDB0103683, HMDB0103826, HMDB0103827, HMDB0103828, HMDB0103829, HMDB0103830, HMDB0103831, HMDB0103832, HMDB0103833, HMDB0103834, HMDB0103835, HMDB0103836, HMDB0103837, HMDB0103959, HMDB0103960, HMDB0103961, HMDB0103962, HMDB0103963, HMDB0103964, HMDB0103965, HMDB0104092, HMDB0104093, HMDB0104094, HMDB0104095, HMDB0104096, HMDB0104097, HMDB0104098, HMDB0104099, HMDB0104100, HMDB0104101, HMDB0104102, HMDB0104103, HMDB0104104, HMDB0104105, HMDB0104106, HMDB0104107, HMDB0104108, HMDB0104109, HMDB0104209, HMDB0104210, HMDB0104211, HMDB0104212, HMDB0104213, HMDB0104329, HMDB0104330, HMDB0104331, HMDB0104332, HMDB0104333, HMDB0104334, HMDB0104335, HMDB0104336, HMDB0104337, HMDB0104338, HMDB0104339, HMDB0104340, HMDB0104341, HMDB0104342, HMDB0104343, HMDB0104344, HMDB0104345, HMDB0104346, HMDB0104477, HMDB0104478, HMDB0104479, HMDB0104480, HMDB0104481, HMDB0104482, HMDB0104483, HMDB0104484, HMDB0104578, HMDB0104579, HMDB0104580, HMDB0104581, HMDB0104582, HMDB0104583, HMDB0104584, HMDB0104585, HMDB0104586, HMDB0104587, HMDB0104588, HMDB0104589, HMDB0104686, HMDB0104687, HMDB0104688, HMDB0104689, HMDB0104690, HMDB0104691, HMDB0104692, HMDB0104693, HMDB0104969, HMDB0104970, HMDB0104971, HMDB0104972, HMDB0105078, HMDB0105079",0.160080619,41.21661254,21.9468914
TG(16:0_32:1),"HMDB0005359, HMDB0010414, HMDB0043836, HMDB0043918, HMDB0044026, HMDB0044053",0.179459039,55.47795513,7.871554653
TG(16:0_32:2),"HMDB0005376, HMDB0010415, HMDB0044032, HMDB0044033, HMDB0044086, HMDB0044114",0.044570384,34.45432462,5.825241772
TG(16:0_32:3),"HMDB0043843, HMDB0043850, HMDB0044038, HMDB0044254",0.061681687,6.809976082,1.077445848
TG(16:0_33:1),"HMDB0043864, HMDB0043865",0.057193935,12.35393478,5.742853157
TG(16:0_33:2),HMDB0043870,0.115792244,4.944119795,0.912790934
TG(16:0_34:0),"HMDB0005357, HMDB0043831, HMDB0043913, HMDB0103588, HMDB0103589, HMDB0103696, HMDB0103697, HMDB0103698, HMDB0103699, HMDB0103700, HMDB0103701, HMDB0103702, HMDB0103703, HMDB0103850, HMDB0103851, HMDB0103852, HMDB0103853, HMDB0103854, HMDB0103855, HMDB0103856, HMDB0103857, HMDB0103858, HMDB0103859, HMDB0103860, HMDB0103861, HMDB0103862, HMDB0103863, HMDB0103864, HMDB0103865, HMDB0103866, HMDB0103867, HMDB0103974, HMDB0103975, HMDB0103976, HMDB0103977, HMDB0103978, HMDB0103979, HMDB0103980, HMDB0104121, HMDB0104122, HMDB0104123, HMDB0104124, HMDB0104125, HMDB0104126, HMDB0104127, HMDB0104128, HMDB0104129, HMDB0104130, HMDB0104131, HMDB0104132, HMDB0104226, HMDB0104227, HMDB0104228, HMDB0104229, HMDB0104230, HMDB0104231, HMDB0104232, HMDB0104353, HMDB0104354, HMDB0104355, HMDB0104356, HMDB0104357, HMDB0104358, HMDB0104359, HMDB0104360, HMDB0104361, HMDB0104362, HMDB0104363, HMDB0104364, HMDB0104365, HMDB0104366, HMDB0104367, HMDB0104368, HMDB0104369, HMDB0104370, HMDB0104497, HMDB0104498, HMDB0104499, HMDB0104500, HMDB0104598, HMDB0104599, HMDB0104600, HMDB0104601, HMDB0104602, HMDB0104603, HMDB0104604, HMDB0104605, HMDB0104606, HMDB0104607, HMDB0104608, HMDB0104609, HMDB0104706, HMDB0104707, HMDB0104708, HMDB0104709, HMDB0104710, HMDB0104711, HMDB0104712, HMDB0104713, HMDB0104815, HMDB0104816, HMDB0104817, HMDB0104818, HMDB0104819, HMDB0104820, HMDB0104821, HMDB0104822, HMDB0104823, HMDB0104824, HMDB0104825, HMDB0104826, HMDB0104827, HMDB0104828, HMDB0104829, HMDB0104830, HMDB0104831, HMDB0104832, HMDB0104973, HMDB0104974, HMDB0104975, HMDB0104976, HMDB0104977, HMDB0104978, HMDB0104979, HMDB0104980, HMDB0105080, HMDB0105081",0.035205541,31.8679376,6.161141304
TG(16:0_34:1),"HMDB0005360, HMDB0005374, HMDB0010416, HMDB0043838, HMDB0043919, HMDB0043946, HMDB0044027, HMDB0044081, HMDB0044109",0.073625994,238.8425579,62.8790608
TG(16:0_34:2),"HMDB0005362, HMDB0005377, HMDB0043844, HMDB0044034, HMDB0044060, HMDB0044087, HMDB0044115, HMDB0044142, HMDB0044249",0.05963827,240.1391835,79.50172329
TG(16:0_34:3),"HMDB0005379, HMDB0010417, HMDB0043839, HMDB0043845, HMDB0043899, HMDB0044040, HMDB0044255, HMDB0044277, HMDB0044310, HMDB0044473",0.020815804,59.4358424,19.57691774
TG(16:0_34:4),"HMDB0043846, HMDB0043852, HMDB0043907, HMDB0044035, HMDB0044041, HMDB0044067, HMDB0044074, HMDB0044170, HMDB0044283, HMDB0044338, HMDB0044479, HMDB0044501",0.0104627,5.999490404,1.22752692
TG(16:0_35:1),HMDB0043866,0.025765558,7.373019571,3.138051529
TG(16:0_35:2),HMDB0043872,0.047720653,9.72030969,4.238811618
TG(16:0_35:3),"HMDB0043867, HMDB0043873",0.043085731,4.725107791,1.818097977
TG(16:0_36:2),"HMDB0005369, HMDB0005378, HMDB0005382, HMDB0043847, HMDB0043900, HMDB0044036, HMDB0044088, HMDB0044089, HMDB0044116, HMDB0044143, HMDB0044198, HMDB0044250, HMDB0044305",0.025469161,374.8678535,208.5526089
TG(16:0_36:3),"HMDB0005384, HMDB0043895, HMDB0043901, HMDB0043927, HMDB0043934, HMDB0044043, HMDB0044068, HMDB0044094, HMDB0044165, HMDB0044256, HMDB0044257, HMDB0044278, HMDB0044311, HMDB0044333, HMDB0044394, HMDB0044474",0.124708397,450.2670819,246.789128
TG(16:0_36:4),"HMDB0005363, HMDB0005390, HMDB0043848, HMDB0043908, HMDB0043935, HMDB0044063, HMDB0044069, HMDB0044095, HMDB0044102, HMDB0044123, HMDB0044130, HMDB0044171, HMDB0044284, HMDB0044285, HMDB0044339, HMDB0044361, HMDB0044480, HMDB0044481, HMDB0044502, HMDB0044529",0.113288811,206.6716801,97.9731768
TG(16:0_36:5),"HMDB0005380, HMDB0043849, HMDB0043854, HMDB0043909, HMDB0044044, HMDB0044076, HMDB0044103, HMDB0044131, HMDB0044263, HMDB0044270, HMDB0044290, HMDB0044367, HMDB0044422, HMDB0044486, HMDB0044508, HMDB0044509, HMDB0044535, HMDB0044557",0.066367242,31.54361295,10.54137295
TG(16:0_36:6),"HMDB0043855, HMDB0044045, HMDB0044050, HMDB0044077, HMDB0044271, HMDB0044291, HMDB0044298, HMDB0044450, HMDB0044487, HMDB0044494, HMDB0044514, HMDB0044563, HMDB0044590",0.03478223,2.624964912,1.229562852
TG(16:0_37:3),NA,0.057749404,0.798285281,0.110200845
TG(16:0_38:1),"HMDB0005368, HMDB0005381, HMDB0043841, HMDB0043896, HMDB0043948, HMDB0043949, HMDB0043975, HMDB0044002, HMDB0044029, HMDB0044056, HMDB0044083, HMDB0044138, HMDB0044193",0.07413391,2.63771978,0.997843901
TG(16:0_38:2),"HMDB0005383, HMDB0005388, HMDB0043903, HMDB0043928, HMDB0043954, HMDB0044037, HMDB0044064, HMDB0044090, HMDB0044144, HMDB0044145, HMDB0044199, HMDB0044226, HMDB0044306, HMDB0044389",0.163066427,3.128775371,2.024071543
TG(16:0_38:3),"HMDB0005389, HMDB0043923, HMDB0043929, HMDB0043955, HMDB0043962, HMDB0044071, HMDB0044096, HMDB0044124, HMDB0044150, HMDB0044166, HMDB0044279, HMDB0044312, HMDB0044313, HMDB0044334, HMDB0044395, HMDB0044475",0.010943996,4.778664411,2.572463766
TG(16:0_38:4),"HMDB0005370, HMDB0043904, HMDB0043936, HMDB0043963, HMDB0044091, HMDB0044097, HMDB0044119, HMDB0044125, HMDB0044151, HMDB0044158, HMDB0044172, HMDB0044173, HMDB0044264, HMDB0044286, HMDB0044318, HMDB0044340, HMDB0044341, HMDB0044362, HMDB0044417, HMDB0044482, HMDB0044503, HMDB0044530",0.040030309,7.508003779,3.403858986
TG(16:0_38:5),"HMDB0005385, HMDB0043905, HMDB0043910, HMDB0043937, HMDB0044072, HMDB0044098, HMDB0044104, HMDB0044132, HMDB0044159, HMDB0044178, HMDB0044259, HMDB0044265, HMDB0044292, HMDB0044319, HMDB0044326, HMDB0044346, HMDB0044368, HMDB0044369, HMDB0044423, HMDB0044445, HMDB0044488, HMDB0044510, HMDB0044536, HMDB0044537, HMDB0044558, HMDB0044585",0.039358849,7.739008562,4.636555447
TG(16:0_38:6),"HMDB0005391, HMDB0010418, HMDB0044073, HMDB0044078, HMDB0044105, HMDB0044133, HMDB0044179, HMDB0044186, HMDB0044272, HMDB0044287, HMDB0044293, HMDB0044327, HMDB0044347, HMDB0044354, HMDB0044374, HMDB0044451, HMDB0044483, HMDB0044489, HMDB0044516, HMDB0044542, HMDB0044564, HMDB0044565, HMDB0044591, HMDB0044613",0.076552398,4.275395439,2.944155491
TG(16:0_38:7),"HMDB0044079, HMDB0044187, HMDB0044273, HMDB0044294, HMDB0044300, HMDB0044355, HMDB0044375, HMDB0044382, HMDB0044490, HMDB0044496, HMDB0044511, HMDB0044517, HMDB0044543, HMDB0044550, HMDB0044570, HMDB0044619",0.019615771,2.316452134,0.791588563
TG(16:0_40:6),"HMDB0043939, HMDB0044101, HMDB0044106, HMDB0044129, HMDB0044134, HMDB0044161, HMDB0044175, HMDB0044181, HMDB0044268, HMDB0044322, HMDB0044328, HMDB0044343, HMDB0044349, HMDB0044376, HMDB0044411, HMDB0044430, HMDB0044452, HMDB0044453, HMDB0044519, HMDB0044544, HMDB0044566, HMDB0044592, HMDB0044593, HMDB0044614",0.045648088,3.325835537,3.303659364
TG(16:0_40:7),"HMDB0044107, HMDB0044135, HMDB0044182, HMDB0044188, HMDB0044269, HMDB0044274, HMDB0044296, HMDB0044329, HMDB0044350, HMDB0044356, HMDB0044371, HMDB0044377, HMDB0044431, HMDB0044438, HMDB0044458, HMDB0044492, HMDB0044539, HMDB0044545, HMDB0044572, HMDB0044598, HMDB0044620, HMDB0044621",0.041039764,4.401922495,3.272947753
TG(16:0_40:8),"HMDB0005392, HMDB0044189, HMDB0044275, HMDB0044297, HMDB0044302, HMDB0044357, HMDB0044384, HMDB0044439, HMDB0044459, HMDB0044466, HMDB0044493, HMDB0044498, HMDB0044520, HMDB0044546, HMDB0044552, HMDB0044567, HMDB0044573, HMDB0044599, HMDB0044606, HMDB0044626",0.057669595,0.828354557,1.722674461
TG(16:1_28:0),NA,0.040481791,4.214504424,2.912608697
TG(16:1_30:1),NA,0.025840591,10.47650353,5.724454111
TG(16:1_32:0),NA,0.1000402,11.93565243,10.52595779
TG(16:1_32:1),NA,0.191475718,14.1456655,7.586093226
TG(16:1_32:2),NA,0.046904109,10.88733273,3.637533523
TG(16:1_33:1),NA,0.020609703,10.97998074,5.991486174
TG(16:1_34:0),NA,0.01612205,10.44384893,2.299486856
TG(16:1_34:1),NA,0.039919754,70.70388174,23.69058646
TG(16:1_34:2),NA,0.048400023,45.56787129,15.35152351
TG(16:1_34:3),NA,0.073093506,7.13436805,3.585633509
TG(16:1_36:1),NA,0.126190541,8.018308004,3.804682301
TG(16:1_36:2),NA,0.153728785,45.29384121,23.48746395
TG(16:1_36:3),NA,0.08674559,40.9231197,24.63151561
TG(16:1_36:4),NA,0.017837233,17.32365045,9.482646507
TG(16:1_36:5),NA,0.056032399,2.272347858,0.708676932
TG(16:1_38:3),NA,0.031638946,0.86178544,0.311336183
TG(16:1_38:4),NA,0.063449996,0.967752636,0.556126857
TG(16:1_38:5),NA,0.022368543,0.989751691,0.947636228
TG(17:0_32:1),NA,0.042712,7.810342121,5.970757945
TG(17:0_34:1),NA,0.022791702,6.046288599,1.758781445
TG(17:0_34:2),NA,0.072277519,5.991178547,0.993183851
TG(17:0_34:3),NA,0.068957599,1.192193751,0.350971185
TG(17:0_36:3),NA,0.044998183,5.384307619,3.478817663
TG(17:0_36:4),NA,0.023960743,2.878197914,1.301429787
TG(17:1_32:1),NA,0.053166185,4.226230228,3.268167482
TG(17:1_34:1),NA,0.018296315,6.893311733,2.393476513
TG(17:1_34:2),NA,0.083743004,4.053329867,1.598206222
TG(17:1_34:3),NA,0.093938972,0.881056669,0.647361935
TG(17:1_36:3),NA,0.034841659,3.933912693,1.329370832
TG(17:1_36:4),NA,0.047452588,1.346535529,0.438096328
TG(18:0_30:0),"HMDB0107858, HMDB0107859, HMDB0107860, HMDB0107861, HMDB0107908, HMDB0107909, HMDB0107910, HMDB0107911, HMDB0107994, HMDB0107995, HMDB0107996, HMDB0107997, HMDB0107998, HMDB0107999, HMDB0108000, HMDB0108001, HMDB0108130, HMDB0108131, HMDB0108132, HMDB0108133, HMDB0108134, HMDB0108135, HMDB0108136, HMDB0108137, HMDB0108138, HMDB0108139, HMDB0108140, HMDB0108141, HMDB0108142, HMDB0108143, HMDB0108144, HMDB0108145, HMDB0108146, HMDB0108147, HMDB0108274, HMDB0108275, HMDB0108276, HMDB0108277, HMDB0108278, HMDB0108279, HMDB0108281, HMDB0108398, HMDB0108399, HMDB0108400, HMDB0108401, HMDB0108402, HMDB0108403, HMDB0108404, HMDB0108405, HMDB0108406, HMDB0108407, HMDB0108408, HMDB0108409, HMDB0108410, HMDB0108411, HMDB0108412, HMDB0108413, HMDB0108414, HMDB0108415, HMDB0108550, HMDB0108551, HMDB0108552, HMDB0108553, HMDB0108554, HMDB0108555, HMDB0108556, HMDB0108557, HMDB0108664, HMDB0108665, HMDB0108666, HMDB0108667, HMDB0108668, HMDB0108669, HMDB0108670, HMDB0108671, HMDB0108672, HMDB0108673, HMDB0108674, HMDB0108675, HMDB0108676, HMDB0108677, HMDB0108678, HMDB0108679, HMDB0108680, HMDB0108681, HMDB0108824, HMDB0108825, HMDB0108826, HMDB0108827, HMDB0109021, HMDB0109022, HMDB0109023, HMDB0109024, HMDB0109305, HMDB0109306, HMDB0109307, HMDB0109308",0.05951056,7.760122237,1.679633127
TG(18:0_30:1),"HMDB0010426, HMDB0044726",0.062315295,2.911451374,0.761626796
TG(18:0_32:0),"HMDB0010427, HMDB0107862, HMDB0107863, HMDB0107918, HMDB0107919, HMDB0107920, HMDB0107921, HMDB0108010, HMDB0108011, HMDB0108012, HMDB0108013, HMDB0108014, HMDB0108015, HMDB0108016, HMDB0108017, HMDB0108160, HMDB0108161, HMDB0108162, HMDB0108163, HMDB0108164, HMDB0108165, HMDB0108166, HMDB0108167, HMDB0108168, HMDB0108169, HMDB0108170, HMDB0108171, HMDB0108294, HMDB0108295, HMDB0108296, HMDB0108297, HMDB0108298, HMDB0108299, HMDB0108300, HMDB0108301, HMDB0108428, HMDB0108429, HMDB0108430, HMDB0108431, HMDB0108432, HMDB0108433, HMDB0108434, HMDB0108435, HMDB0108436, HMDB0108437, HMDB0108438, HMDB0108439, HMDB0108440, HMDB0108441, HMDB0108442, HMDB0108443, HMDB0108444, HMDB0108445, HMDB0108570, HMDB0108571, HMDB0108572, HMDB0108573, HMDB0108574, HMDB0108575, HMDB0108577, HMDB0108694, HMDB0108695, HMDB0108696, HMDB0108697, HMDB0108698, HMDB0108699, HMDB0108700, HMDB0108701, HMDB0108702, HMDB0108703, HMDB0108704, HMDB0108705, HMDB0108706, HMDB0108707, HMDB0108708, HMDB0108709, HMDB0108710, HMDB0108711, HMDB0108834, HMDB0108835, HMDB0108836, HMDB0108837, HMDB0108917, HMDB0108918, HMDB0108919, HMDB0108920, HMDB0108921, HMDB0108922, HMDB0108923, HMDB0108924, HMDB0108925, HMDB0108926, HMDB0108927, HMDB0108928, HMDB0109025, HMDB0109026, HMDB0109027, HMDB0109028, HMDB0109029, HMDB0109030, HMDB0109031, HMDB0109032, HMDB0109309, HMDB0109310, HMDB0109311, HMDB0109312, HMDB0109419, HMDB0109420",0.061769328,13.07347203,4.416142557
TG(18:0_32:1),"HMDB0010428, HMDB0010429, HMDB0044727, HMDB0044753, HMDB0044857",0.029381356,11.08268529,3.340325813
TG(18:0_32:2),"HMDB0010430, HMDB0044863, HMDB0044864, HMDB0044889, HMDB0044915, HMDB0044942",0.012732619,4.47386073,1.343480409
TG(18:0_34:2),"HMDB0044682, HMDB0044734, HMDB0044865, HMDB0044890, HMDB0044891, HMDB0044916, HMDB0044943, HMDB0044969",0.166450829,40.55344488,14.25929045
TG(18:0_34:3),"HMDB0010432, HMDB0044677, HMDB0044683, HMDB0044735, HMDB0044871, HMDB0044896, HMDB0045078, HMDB0045131",0.044806989,7.426793572,2.765152403
TG(18:0_36:1),"HMDB0005395, HMDB0010433, HMDB0044678, HMDB0044730, HMDB0044781, HMDB0044807, HMDB0044859, HMDB0044885, HMDB0044911, HMDB0044938",0.04516138,16.52634017,4.404321166
TG(18:0_36:2),"HMDB0005397, HMDB0005403, HMDB0044685, HMDB0044736, HMDB0044867, HMDB0044892, HMDB0044917, HMDB0044918, HMDB0044944, HMDB0044970, HMDB0045023, HMDB0045073",0.057965986,40.20880193,16.50223138
TG(18:0_36:3),"HMDB0005405, HMDB0044731, HMDB0044737, HMDB0044762, HMDB0044769, HMDB0044874, HMDB0044898, HMDB0044923, HMDB0045079, HMDB0045080, HMDB0045100, HMDB0045132, HMDB0045212, HMDB0045289",0.07991488,45.03257165,19.48276185
TG(18:0_36:4),"HMDB0005411, HMDB0044686, HMDB0044738, HMDB0044744, HMDB0044770, HMDB0044893, HMDB0044899, HMDB0044924, HMDB0044931, HMDB0044951, HMDB0044958, HMDB0044997, HMDB0045106, HMDB0045107, HMDB0045159, HMDB0045295, HMDB0045296, HMDB0045316",0.058609949,24.68018766,10.16434479
TG(18:0_36:5),"HMDB0044687, HMDB0044692, HMDB0044745, HMDB0044875, HMDB0044900, HMDB0044906, HMDB0044932, HMDB0044959, HMDB0045086, HMDB0045093, HMDB0045112, HMDB0045186, HMDB0045239, HMDB0045301, HMDB0045322, HMDB0045323, HMDB0045348",0.061444523,3.184184783,1.474298636
TG(18:0_38:6),"HMDB0005412, HMDB0044747, HMDB0044903, HMDB0044908, HMDB0044934, HMDB0044961, HMDB0045005, HMDB0045012, HMDB0045095, HMDB0045109, HMDB0045115, HMDB0045148, HMDB0045167, HMDB0045174, HMDB0045193, HMDB0045267, HMDB0045298, HMDB0045304, HMDB0045330, HMDB0045355, HMDB0045376, HMDB0045377, HMDB0045402",0.051362953,1.222498794,1.139199556
TG(18:0_38:7),"HMDB0044909, HMDB0045013, HMDB0045096, HMDB0045116, HMDB0045122, HMDB0045175, HMDB0045194, HMDB0045201, HMDB0045305, HMDB0045311, HMDB0045325, HMDB0045331, HMDB0045356, HMDB0045363, HMDB0045382, HMDB0045429",0.039691778,0.640554028,0.416245596
TG(18:1_26:0),NA,0.014632346,4.992957558,1.424153756
TG(18:1_28:1),NA,0.028167928,4.870557493,1.463788089
TG(18:1_30:0),NA,0.057958427,37.63346567,3.331155278
TG(18:1_30:1),NA,0.059870193,19.35997691,3.700943763
TG(18:1_30:2),NA,0.012569094,7.442966709,1.119572029
TG(18:1_31:0),NA,0.057120053,10.48557433,4.914139171
TG(18:1_32:0),NA,0.067979567,149.9626557,42.39081052
TG(18:1_32:1),NA,0.047668505,132.7607293,40.16847462
TG(18:1_32:2),NA,0.033806918,46.31838522,12.56581045
TG(18:1_32:3),NA,0.010819002,6.235995448,0.816666534
TG(18:1_33:0),NA,0.017205385,7.734928351,2.254600605
TG(18:1_33:1),NA,0.028575748,16.19107311,5.596273366
TG(18:1_33:2),NA,0.084014399,5.890804413,3.34131904
TG(18:1_34:1),NA,0.118412272,635.615571,347.21198
TG(18:1_34:2),NA,0.011314133,470.0667725,266.0056728
TG(18:1_34:3),NA,0.086010157,72.0545118,34.07132199
TG(18:1_34:4),NA,0.012605585,7.111164104,2.976034816
TG(18:1_35:2),NA,0.064738377,10.50433587,5.111795922
TG(18:1_35:3),NA,0.040234161,4.452572804,1.70186329
TG(18:1_36:0),NA,0.028000939,7.854044155,4.80500703
TG(18:1_36:1),NA,0.063808711,61.24337229,21.63187654
TG(18:1_36:2),NA,0.033447539,343.6939874,183.1283412
TG(18:1_36:3),NA,0.088377357,271.8188198,134.6156646
TG(18:1_36:4),NA,0.06806393,119.385716,60.20539476
TG(18:1_36:5),NA,0.098780861,26.05893659,13.12675657
TG(18:1_36:6),NA,0.038010616,2.454884966,1.014790416
TG(18:1_38:5),NA,0.013533045,5.152514461,6.488936872
TG(18:1_38:6),NA,0.016957982,2.393253203,3.79004191
TG(18:1_38:7),NA,0.009825522,1.051949675,0.749516707
TG(18:2_28:0),NA,0.015989944,5.342277504,1.3583916
TG(18:2_30:0),NA,0.016584419,26.71488384,3.131709739
TG(18:2_30:1),NA,0.10601872,10.59203706,1.7919947
TG(18:2_31:0),NA,0.013964494,5.41675919,1.177895713
TG(18:2_32:0),NA,0.0152183,92.42527934,24.52181719
TG(18:2_32:1),NA,0.015730985,72.28459571,24.2666567
TG(18:2_32:2),NA,0.027832932,28.87531864,6.646067499
TG(18:2_33:0),NA,0.060207139,4.614645325,1.690129795
TG(18:2_33:1),NA,0.055720782,10.67542254,4.258882654
TG(18:2_33:2),NA,0.081028839,4.639174772,2.075015258
TG(18:2_34:0),NA,0.101998887,54.1537886,24.50684414
TG(18:2_34:1),NA,0.015405141,412.447984,221.3941312
TG(18:2_34:2),NA,0.018536308,317.055683,157.6392667
TG(18:2_34:3),NA,0.114032223,46.58823221,20.00043685
TG(18:2_34:4),NA,0.074776178,4.260363175,1.09388927
TG(18:2_35:1),NA,0.044047894,6.359931427,4.034963393
TG(18:2_35:2),NA,0.084982743,8.016614605,4.040447191
TG(18:2_35:3),NA,0.156745179,2.200892902,1.369718832
TG(18:2_36:0),NA,0.064292335,6.244428406,2.328435444
TG(18:2_36:1),NA,0.073828703,49.09388626,19.23589556
TG(18:2_36:2),NA,0.050347244,150.2025561,68.12264678
TG(18:2_36:3),NA,0.019105095,169.7422241,84.65311377
TG(18:2_36:4),NA,0.013323897,155.6719922,96.13815192
TG(18:2_36:5),NA,0.041809763,33.050687,19.10524034
TG(18:2_38:4),NA,0.029408597,4.080285166,2.143264555
TG(18:2_38:5),NA,0.080053802,3.990630185,3.003687422
TG(18:2_38:6),NA,0.019942429,1.144794745,1.600256616
TG(18:3_30:0),NA,0.045028573,3.645507847,0.37574617
TG(18:3_32:0),NA,0.047444757,8.879323605,1.630130635
TG(18:3_32:1),NA,0.053580006,9.198946059,2.090715376
TG(18:3_34:0),NA,0.021917003,6.522274615,1.299058593
TG(18:3_34:1),NA,0.0110944,44.23777947,15.80779827
TG(18:3_34:2),NA,0.061463388,33.45528185,13.08025645
TG(18:3_34:3),NA,0.062755257,4.804397261,1.211338855
TG(18:3_36:1),NA,0.017060264,5.133139337,2.184257643
TG(18:3_36:2),NA,0.094700266,19.90761327,7.367994827
TG(18:3_36:3),NA,0.095863978,27.27112991,11.37173433
TG(18:3_36:4),NA,0.081960227,23.86046995,12.2404255
TG(18:3_38:5),NA,0.051496289,0.769913977,0.353281859
TG(20:0_32:3),"HMDB0045489, HMDB0045496, HMDB0045670, HMDB0045870",0.062440288,1.010303033,0.692695024
TG(20:0_32:4),"HMDB0045497, HMDB0045671, HMDB0045678, HMDB0045896, HMDB0046078",0.11802783,1.71276983,0.956869776
TG(20:0_34:1),"HMDB0045484, HMDB0045534, HMDB0045535, HMDB0045559, HMDB0045584, HMDB0045659",0.104205557,2.03933844,1.013460346
TG(20:1_30:1),NA,0.033262607,0.802916184,0.186681503
TG(20:1_31:0),NA,0.056553368,0.596791333,0.420892214
TG(20:1_32:1),NA,0.056060088,1.448409358,0.612912734
TG(20:1_32:2),NA,0.07904436,1.821424213,0.718770337
TG(20:1_32:3),NA,0.02966367,0.323623845,0.112386876
TG(20:1_34:0),NA,0.027936638,0.483760229,0.297841352
TG(20:1_34:1),NA,0.040882119,3.513878045,1.525464897
TG(20:1_34:2),NA,0.014922834,2.013022794,1.678630075
TG(20:1_34:3),NA,0.064130146,0.561524882,0.097189221
TG(20:2_32:0),NA,0.111609938,1.470554936,0.750745168
TG(20:2_32:1),NA,0.084070095,1.861278539,0.291040193
TG(20:2_34:1),NA,0.043169221,4.015517578,1.366862962
TG(20:2_34:2),NA,0.086497775,2.5123663,0.859675038
TG(20:2_34:3),NA,0.056053325,0.692726203,0.153892451
TG(20:3_32:0),NA,0.113474559,2.288381282,0.519964346
TG(20:3_32:1),NA,0.088354598,2.007555166,0.67234987
TG(20:3_32:2),NA,0.017377561,1.802804766,0.043610334
TG(20:3_34:0),NA,0.033046198,0.934765421,0.340923183
TG(20:3_34:1),NA,0.070697872,7.065204637,2.659013725
TG(20:3_34:2),NA,0.044665449,5.149820462,1.601454891
TG(20:3_34:3),NA,0.026214645,0.983002913,0.320470833
TG(20:3_36:3),NA,0.031032709,2.080414942,1.264419345
TG(20:3_36:4),NA,0.012817577,1.305505059,0.357317974
TG(20:4_30:0),NA,0.010176206,0.994959788,0.513930558
TG(20:4_32:0),NA,0.034705915,4.259628268,2.225595429
TG(20:4_32:1),NA,0.065184978,2.59323127,1.542151717
TG(20:4_32:2),NA,0.012423141,1.067607111,0.202506325
TG(20:4_34:0),NA,0.035269102,1.703428777,1.920187337
TG(20:4_34:1),NA,0.030289455,14.58310426,14.0924977
TG(20:4_34:2),NA,0.070744478,12.02831791,10.13858841
TG(20:4_34:3),NA,0.05981911,1.791881742,1.570405661
TG(20:4_36:2),NA,0.022310966,6.932069574,9.243693822
TG(20:4_36:3),NA,0.065794191,5.334260039,7.407545671
TG(20:4_36:4),NA,0.012839496,2.563155324,2.532484157
TG(20:5_34:0),NA,0.071336256,0.707350992,0.334050122
TG(20:5_34:1),NA,0.078352266,2.434695774,1.74088056
TG(20:5_34:2),NA,0.02477766,1.805773789,1.11492989
TG(20:5_36:2),NA,0.028611208,0.722017647,0.468747768
TG(20:5_36:3),NA,0.030096766,1.19493772,0.777484028
TG(22:4_34:2),NA,0.009104981,1.227662015,1.422009068
TG(22:5_32:0),NA,0.021656475,1.835438103,0.94332684
TG(22:5_34:1),NA,0.031427853,3.483771464,3.980834305
TG(22:5_34:2),NA,0.060799302,2.6271855,3.166944392
TG(22:6_32:0),NA,0.062614621,0.830445017,1.041438402
TG(22:6_32:1),NA,0.023003793,0.911131111,1.186482196
TG(22:6_34:1),NA,0.024497347,1.964756364,6.442886905
TG(22:6_34:2),NA,0.014415906,1.311880623,5.732943919
Uric acid,HMDB0000289,2.927768869,305.5,161.1
p-Cresol sulfate,HMDB0011635,0.4347,18.73,0.8805
Propionic acid,HMDB0000237,0.057323642,1.498,0.2722
Lactic acid,HMDB0000190,1.997336884,2460,1730
3-Aminoisobutyric acid,HMDB0003911,0.24,0.3366,1.187
Dimethylglycine,HMDB0000092,0.157563025,6.101,12.69
2-Hydroxybutyric acid,HMDB0000008,0.115163148,65.73,190
2-Hydroxyisobutyric acid,HMDB0000729,0.022321429,0.8174,0.8529
3-Hydroxybutyric acid,HMDB0000011,0.223546945,140.6,937.9
3-Hydroxyisobutyric acid,HMDB0000336,0.25,12.45,22.99
Glyceric acid,HMDB0000139,0.008411215,4.092,5.209
Guanidoacetic acid,HMDB0000128,0.135135135,1.953,1.893
N-Acetyl-Glycine,HMDB0000532,0.060483871,1.987,34.38
2-Hydroxyisovaleric acid,HMDB0000407,0.010026738,12.76,15.94
3-Hydroxyisovaleric acid,HMDB0000754,0.087946079,2.558,3.604
5-Oxoproline,HMDB0000267,0.134529148,133.1,78.12
Pipecolic acid,HMDB0000070,0.052747253,6.974,4.168
N-Acetyl-Alanine,HMDB0000766,0.031512605,1.618,1.341
2-Hydroxy-3-methylvaleric acid,HMDB0000317,0.017605634,0.9326,1.186
Phenylacetic acid,HMDB0000209,0.023205446,0.484,0.2832
Threonic acid,HMDB0000943,0.584415584,4.215,3.702
Caprylic acid,HMDB0000482,0.132805876,0.3979,0.1595
N-Acetyl-Serine,HMDB0002931,0.028625954,0.6837,0.7171
4-Hydroxyphenylacetic acid,HMDB0000020,0.1,0.351,0.6355
N-Acetyl-Proline,HMDB0094701,0.013111888,0.05125,0.03748
N-Acetyl-Asparagine,HMDB0006028,0.05,0.0865,0.1199
3-Indoleacetic acid,HMDB0000197,0.056818182,1.668,0.5009
Argininic acid,HMDB0003148,0.218978102,1.471,1.232
Hippuric acid,HMDB0000714,0.032679739,1.966,3.556
N1-Acetyl-Lysine,HMDB0000446,0.06,0.08187,0.1758
N1-Acetyl-Lysine + N6-Acetyl-Lysine,HMDB0000446 + HMDB0000206,0.0625,0.5261,0.4754
Kynurenic acid,HMDB0000715,0.006996269,0.1418,0.1397
Indole-3-propionic acid,HMDB0002302,0.008802817,0.6887,0.1493
N-Acetyl-Histidine,HMDB0032055,0.384615385,12.65,10.42
Indolelactic acid,HMDB0000671,0.0125,0.564,0.8513
Pyruvic acid,HMDB0000243,0.194810282,97.98,51.19
Oxalic acid,HMDB0002329,1.538440912,14.8,15.13
Malonic acid,HMDB0000691,0.0182396,0.06826,0.07357
alpha-Ketoisovaleric acid,HMDB0000019,0.056485356,33.88,29.82
Fumaric acid,HMDB0000134,0.023575218,0.8033,0.7869
Methylmalonic acid,HMDB0000202,0.0125,0.09777,0.04256
Succinic acid,HMDB0000254,0.166861946,2.565,2.481
Phenylacetylglutamine,HMDB0006344,0.0125,3.27,1.267
2-oxoisocaproic acid,HMDB0000695,0.057040998,58.57,78.19
Ethylmalonic acid,HMDB0000622,0.050675676,0.353,0.1285
Glutaric acid,HMDB0000661,0.004770992,0.02743,0.07001
Malic acid,HMDB0000156,0.022509657,3.228,2.99
2-hydroxyglutaric acid,HMDB0059655,0.010026738,0.4777,0.3442
2-oxoadipic acid,HMDB0000225,1.339285714,19.8,16.43
3-Methyladipic acid,HMDB0000555,0.008012821,0.02097,0.01662
3-Deoxyglucosone,HMDB0005876,0.011029412,0.07213,0.07129
Quinolinic acid,HMDB0000232,0.009868421,0.2793,0.1382
N-Acetyl-Aspartic acid,HMDB0000812,0.0075,0.2004,0.2692
N-Acetyl-Glutamic acid,HMDB0001138,0.015,0.06763,0.06797
CMPF,HMDB0061112,0.025987526,0.0654,0.8201
alpha-Ketoglutaric acid,HMDB0000208,0.019305019,13.47,9.094
cis-Aconitic acid,HMDB0000072,0.016219723,2.154,0.9373
Citric acid,HMDB0000094,0.7043,509.4,346.3
